番号,題名,URL,TorF
1,アメンボ,https://pachikuri.jp/4kuma/アメンボ,
2,ホタル,https://pachikuri.jp/4kuma/ホタル,
3,梅雨といえば,https://pachikuri.jp/4kuma/梅雨といえば,
4,つかの間の,https://pachikuri.jp/4kuma/つかの間の,
5,パ,https://pachikuri.jp/4kuma/パ,
6,7月7日,https://pachikuri.jp/4kuma/44019,
7,お洗たく,https://pachikuri.jp/4kuma/お洗たく,
8,勝利宣言,https://pachikuri.jp/4kuma/勝利宣言,
9,夏の朝,https://pachikuri.jp/4kuma/夏の朝,
10,かき氷,https://pachikuri.jp/4kuma/かき氷,
11,打ち水,https://pachikuri.jp/4kuma/打ち水,
12,暑さしのぎ,https://pachikuri.jp/4kuma/暑さしのぎ,
13,砂に埋もれる,https://pachikuri.jp/4kuma/砂に埋もれる,
14,川あそび,https://pachikuri.jp/4kuma/川あそび,
15,むつかしい,https://pachikuri.jp/4kuma/むつかしい,
16,ひらめき,https://pachikuri.jp/4kuma/ひらめき,
17,手作りの,https://pachikuri.jp/4kuma/手作りの,
18,シュークリーム,https://pachikuri.jp/4kuma/シュークリーム,
19,ひまわりの種,https://pachikuri.jp/4kuma/ひまわりの種,
20,落としもの,https://pachikuri.jp/4kuma/落としもの,
21,戦いのあと,https://pachikuri.jp/4kuma/戦いのあと,
22,蚊,https://pachikuri.jp/4kuma/蚊,
23,夏の片づけ,https://pachikuri.jp/4kuma/夏の片づけ,
24,係,https://pachikuri.jp/4kuma/係,
25,あと,https://pachikuri.jp/4kuma/あと,
26,池の主,https://pachikuri.jp/4kuma/池の主,
27,月夜の出会い1,https://pachikuri.jp/4kuma/月夜の出会い1,
28,月夜の出会い2,https://pachikuri.jp/4kuma/月夜の出会い2,
29,運動会,https://pachikuri.jp/4kuma/運動会,
30,玉入れ,https://pachikuri.jp/4kuma/玉入れ,
31,勝利をめざして,https://pachikuri.jp/4kuma/勝利をめざして,
32,かくれみの,https://pachikuri.jp/4kuma/かくれみの,
33,イチョウの木の下で,https://pachikuri.jp/4kuma/イチョウの木の下で,
34,こう見えて,https://pachikuri.jp/4kuma/こう見えて,
35,ハロウィンディナー,https://pachikuri.jp/4kuma/ハロウィンディナー,
36,解禁,https://pachikuri.jp/4kuma/解禁,
37,秋の文化祭,https://pachikuri.jp/4kuma/秋の文化祭,
38,かざり,https://pachikuri.jp/4kuma/かざり,
39,ちょっとした,https://pachikuri.jp/4kuma/ちょっとした,
40,秋の夜長,https://pachikuri.jp/4kuma/秋の夜長,
41,こだわり,https://pachikuri.jp/4kuma/こだわり,
42,一晩,https://pachikuri.jp/4kuma/一晩,
43,捜索,https://pachikuri.jp/4kuma/捜索,
44,あわあわあわ,https://pachikuri.jp/4kuma/あわあわあわ,
45,さがしもの,https://pachikuri.jp/4kuma/さがしもの,
46,年末,https://pachikuri.jp/4kuma/年末,
47,大そうじ 1,https://pachikuri.jp/4kuma/大そうじ 1,
48,大そうじ 2,https://pachikuri.jp/4kuma/大そうじ 2,
49,クリスマスツリー,https://pachikuri.jp/4kuma/クリスマスツリー,
50,さしいれ,https://pachikuri.jp/4kuma/さしいれ,
51,年こし,https://pachikuri.jp/4kuma/年こし,
52,1/7,https://pachikuri.jp/4kuma/1/7,
53,もち,https://pachikuri.jp/4kuma/もち,
54,みかん,https://pachikuri.jp/4kuma/みかん,
55,おたきあげ,https://pachikuri.jp/4kuma/おたきあげ,
56,お借りします,https://pachikuri.jp/4kuma/お借りします,
57,ふくびき 1,https://pachikuri.jp/4kuma/ふくびき 1,
58,ふくびき 2,https://pachikuri.jp/4kuma/ふくびき 2,
59,今夜の湯,https://pachikuri.jp/4kuma/今夜の湯,
60,いただきもの,https://pachikuri.jp/4kuma/いただきもの,
61,積雪,https://pachikuri.jp/4kuma/積雪,
62,雪あそび,https://pachikuri.jp/4kuma/雪あそび,
63,2／14,https://pachikuri.jp/4kuma/2／14,
64,梅,https://pachikuri.jp/4kuma/梅,
65,スズメ,https://pachikuri.jp/4kuma/スズメ,
66,情け,https://pachikuri.jp/4kuma/情け,
67,調節,https://pachikuri.jp/4kuma/調節,
68,ひなまつりクッキング,https://pachikuri.jp/4kuma/ひなまつりクッキング,
69,3月,https://pachikuri.jp/4kuma/3月,
70,あのこ,https://pachikuri.jp/4kuma/あのこ,
71,春の災難1,https://pachikuri.jp/4kuma/春の災難1,
72,春の災難2,https://pachikuri.jp/4kuma/春の災難2,
73,鬼のいぬ間に,https://pachikuri.jp/4kuma/鬼のいぬ間に,
74,おやつをもって,https://pachikuri.jp/4kuma/おやつをもって,
75,花びら,https://pachikuri.jp/4kuma/花びら,
76,春雨,https://pachikuri.jp/4kuma/春雨,
77,ある日の朝,https://pachikuri.jp/4kuma/ある日の朝,
78,野イチゴ狩り,https://pachikuri.jp/4kuma/野イチゴ狩り,
79,春の食材,https://pachikuri.jp/4kuma/春の食材,
80,しおひがり1,https://pachikuri.jp/4kuma/しおひがり1,
81,しおひがり2,https://pachikuri.jp/4kuma/しおひがり2,
82,布団カバー,https://pachikuri.jp/4kuma/布団カバー,
83,実は,https://pachikuri.jp/4kuma/実は,
84,こどもの日,https://pachikuri.jp/4kuma/こどもの日,
85,ジャム作り,https://pachikuri.jp/4kuma/ジャム作り,
86,いただきもの,https://pachikuri.jp/4kuma/いただきもの,
87,フーセンガム,https://pachikuri.jp/4kuma/フーセンガム,
88,快 晴,https://pachikuri.jp/4kuma/快 晴,
89,プレゼント,https://pachikuri.jp/4kuma/プレゼント,
90,あこがれの,https://pachikuri.jp/4kuma/あこがれの,
91,新 茶 次回の,https://pachikuri.jp/4kuma/新 茶 次回の,
92,夜中の大ピンチ,https://pachikuri.jp/4kuma/夜中の大ピンチ,
93,判 断,https://pachikuri.jp/4kuma/判 断,
94,梅 雨,https://pachikuri.jp/4kuma/梅 雨,
95,名 案,https://pachikuri.jp/4kuma/名 案,
96,親切心,https://pachikuri.jp/4kuma/親切心,
97,発 見,https://pachikuri.jp/4kuma/発 見,
98,心 配,https://pachikuri.jp/4kuma/心 配,
99,七夕飾り,https://pachikuri.jp/4kuma/七夕飾り,
100,ヘアセット,https://pachikuri.jp/4kuma/ヘアセット,
101,枝 豆,https://pachikuri.jp/4kuma/枝 豆,
102,新作再び,https://pachikuri.jp/4kuma/新作再び,
103,暑い日,https://pachikuri.jp/4kuma/暑い日,
104,線香花火,https://pachikuri.jp/4kuma/線香花火,
105,スイカ,https://pachikuri.jp/4kuma/スイカ,
106,海水浴,https://pachikuri.jp/4kuma/海水浴,
107,新しい浮き輪,https://pachikuri.jp/4kuma/新しい浮き輪,
108,エアコン,https://pachikuri.jp/4kuma/エアコン,
109,スイカ,https://pachikuri.jp/4kuma/スイカ,
110,出会い頭,https://pachikuri.jp/4kuma/出会い頭,
111,おせんたく,https://pachikuri.jp/4kuma/おせんたく,
112,そうめん,https://pachikuri.jp/4kuma/そうめん,
113,わたあめ,https://pachikuri.jp/4kuma/わたあめ,
114,おばけやしき,https://pachikuri.jp/4kuma/おばけやしき,
115,打上花火 次回,https://pachikuri.jp/4kuma/打上花火 次回,
116,夏が残したもの,https://pachikuri.jp/4kuma/夏が残したもの,
117,梨,https://pachikuri.jp/4kuma/梨,
118,帰 宅,https://pachikuri.jp/4kuma/帰 宅,
119,たまにはちょっと足をのばして,https://pachikuri.jp/4kuma/たまにはちょっと足をのばして,
120,敬老の日,https://pachikuri.jp/4kuma/敬老の日,
121,月夜の出会い再び1,https://pachikuri.jp/4kuma/月夜の出会い再び1,
122,月夜の出会い再び2,https://pachikuri.jp/4kuma/月夜の出会い再び2,
123,考えごと 次回,https://pachikuri.jp/4kuma/考えごと 次回,
124,借りもの競争,https://pachikuri.jp/4kuma/借りもの競争,
125,せんとうの日,https://pachikuri.jp/4kuma/せんとうの日,
126,横 着,https://pachikuri.jp/4kuma/横 着,
127,冬支度,https://pachikuri.jp/4kuma/冬支度,
128,秋さがし,https://pachikuri.jp/4kuma/秋さがし,
129,おちば,https://pachikuri.jp/4kuma/おちば,
130,念願の,https://pachikuri.jp/4kuma/念願の,
131,1031,https://pachikuri.jp/4kuma/1031,
132,ハナウタ,https://pachikuri.jp/4kuma/ハナウタ,
133,天国と地獄,https://pachikuri.jp/4kuma/天国と地獄,
134,くうくう,https://pachikuri.jp/4kuma/くうくう,
135,保温調理,https://pachikuri.jp/4kuma/保温調理,
136,ゴロン,https://pachikuri.jp/4kuma/ゴロン,
137,とっておいた,https://pachikuri.jp/4kuma/とっておいた,
138,勤労感謝の日,https://pachikuri.jp/4kuma/勤労感謝の日,
139,働き者 ○次回,https://pachikuri.jp/4kuma/働き者 ○次回,
140,初 雪,https://pachikuri.jp/4kuma/初 雪,
141,かざりつけ,https://pachikuri.jp/4kuma/かざりつけ,
142,ほめて,https://pachikuri.jp/4kuma/ほめて,
143,年賀状,https://pachikuri.jp/4kuma/年賀状,
144,通 販,https://pachikuri.jp/4kuma/通 販,
145,待ちぶせ,https://pachikuri.jp/4kuma/待ちぶせ,
146,年 末,https://pachikuri.jp/4kuma/年 末,
147,0:00,https://pachikuri.jp/4kuma/0:00,
148,お正月,https://pachikuri.jp/4kuma/お正月,
149,おみくじ,https://pachikuri.jp/4kuma/おみくじ,
150,おふくわけ,https://pachikuri.jp/4kuma/おふくわけ,
151,かがみもち,https://pachikuri.jp/4kuma/かがみもち,
152,はなれられない,https://pachikuri.jp/4kuma/はなれられない,
153,ふぶき,https://pachikuri.jp/4kuma/ふぶき,
154,冬,https://pachikuri.jp/4kuma/冬,
155,飾り巻き寿司,https://pachikuri.jp/4kuma/飾り巻き寿司,
156,かまくら,https://pachikuri.jp/4kuma/かまくら,
157,おかいもの,https://pachikuri.jp/4kuma/おかいもの,
158,冬,https://pachikuri.jp/4kuma/冬,
159,飾り巻き寿司,https://pachikuri.jp/4kuma/飾り巻き寿司,
160,かまくら,https://pachikuri.jp/4kuma/かまくら,
161,おかいもの,https://pachikuri.jp/4kuma/おかいもの,
162,待ちあわせ,https://pachikuri.jp/4kuma/待ちあわせ,
163,夜中に目が覚めて,https://pachikuri.jp/4kuma/夜中に目が覚めて,
164,もしかして,https://pachikuri.jp/4kuma/もしかして,
165,ピー,https://pachikuri.jp/4kuma/ピー,
166,冬のおやつ,https://pachikuri.jp/4kuma/冬のおやつ,
167,河原にて,https://pachikuri.jp/4kuma/河原にて,
168,卒業,https://pachikuri.jp/4kuma/卒業,
169,くしゃみの日々,https://pachikuri.jp/4kuma/くしゃみの日々,
170,たいやき占い,https://pachikuri.jp/4kuma/たいやき占い,
171,3/14,https://pachikuri.jp/4kuma/3/14,
172,イチゴ,https://pachikuri.jp/4kuma/イチゴ,
173,落としもの,https://pachikuri.jp/4kuma/落としもの,
174,せんたくもの,https://pachikuri.jp/4kuma/せんたくもの,
175,場所とり,https://pachikuri.jp/4kuma/場所とり,
176,低い枝,https://pachikuri.jp/4kuma/低い枝,
177,春うらら,https://pachikuri.jp/4kuma/春うらら,
178,肩こり,https://pachikuri.jp/4kuma/肩こり,
179,お礼,https://pachikuri.jp/4kuma/お礼,
180,イモほり,https://pachikuri.jp/4kuma/イモほり,
181,イースター,https://pachikuri.jp/4kuma/イースター,
182,すいはんき,https://pachikuri.jp/4kuma/すいはんき,
183,用 意,https://pachikuri.jp/4kuma/用 意,
184,G・W,https://pachikuri.jp/4kuma/G・W,
185,任 務,https://pachikuri.jp/4kuma/任 務,
186,NEWアイテム,https://pachikuri.jp/4kuma/NEWアイテム,
187,修 理,https://pachikuri.jp/4kuma/修 理,
188,受難の日々,https://pachikuri.jp/4kuma/受難の日々,
189,修理完了！,https://pachikuri.jp/4kuma/修理完了！,
190,叱られた,https://pachikuri.jp/4kuma/叱られた,
191,ひるね,https://pachikuri.jp/4kuma/ひるね,
192,梅ジュース,https://pachikuri.jp/4kuma/梅ジュース,
193,あじさいをもらって,https://pachikuri.jp/4kuma/あじさいをもらって,
194,6/10,https://pachikuri.jp/4kuma/6/10,
195,ポツポツ,https://pachikuri.jp/4kuma/ポツポツ,
196,おやつ,https://pachikuri.jp/4kuma/おやつ,
197,衣がえ,https://pachikuri.jp/4kuma/衣がえ,
198,湿 気,https://pachikuri.jp/4kuma/湿 気,
199,すばやい動き,https://pachikuri.jp/4kuma/すばやい動き,
200,ファスナー,https://pachikuri.jp/4kuma/ファスナー,
201,おせんたく,https://pachikuri.jp/4kuma/おせんたく,
202,DYI 1,https://pachikuri.jp/4kuma/DYI 1,
203,DIY 2,https://pachikuri.jp/4kuma/DIY 2,
204,ハンモック,https://pachikuri.jp/4kuma/ハンモック,
205,スイカ,https://pachikuri.jp/4kuma/スイカ,
206,砂 浜,https://pachikuri.jp/4kuma/砂 浜,
207,こっそり買い食い,https://pachikuri.jp/4kuma/こっそり買い食い,
208,そうめん,https://pachikuri.jp/4kuma/そうめん,
209,真 夏,https://pachikuri.jp/4kuma/真 夏,
210,海にて,https://pachikuri.jp/4kuma/海にて,
211,せんぷうき,https://pachikuri.jp/4kuma/せんぷうき,
212,蚊,https://pachikuri.jp/4kuma/蚊,
213,金魚すくい,https://pachikuri.jp/4kuma/金魚すくい,
214,修 理,https://pachikuri.jp/4kuma/修 理,
215,せんこう花火,https://pachikuri.jp/4kuma/せんこう花火,
216,工 作,https://pachikuri.jp/4kuma/工 作,
217,めざまし時計,https://pachikuri.jp/4kuma/めざまし時計,
218,月夜に再び1 つづく,https://pachikuri.jp/4kuma/月夜に再び1 つづく,
219,月夜に再び2,https://pachikuri.jp/4kuma/月夜に再び2,
220,見なれぬ,https://pachikuri.jp/4kuma/見なれぬ,
221,お気に入りが・・・,https://pachikuri.jp/4kuma/お気に入りが・・・,
222,絵画かんしょう,https://pachikuri.jp/4kuma/絵画かんしょう,
223,正 体,https://pachikuri.jp/4kuma/正 体,
224,衣がえ,https://pachikuri.jp/4kuma/衣がえ,
225,イモほり,https://pachikuri.jp/4kuma/イモほり,
226,今日という日,https://pachikuri.jp/4kuma/今日という日,
227,催眠術,https://pachikuri.jp/4kuma/催眠術,
228,きのこ狩り,https://pachikuri.jp/4kuma/きのこ狩り,
229,制 作,https://pachikuri.jp/4kuma/制 作,
230,シール,https://pachikuri.jp/4kuma/シール,
231,お役目,https://pachikuri.jp/4kuma/お役目,
232,芋 煮,https://pachikuri.jp/4kuma/芋 煮,
233,再 会,https://pachikuri.jp/4kuma/再 会,
234,星に願いを,https://pachikuri.jp/4kuma/星に願いを,
235,おみやげ,https://pachikuri.jp/4kuma/おみやげ,
236,干しいも,https://pachikuri.jp/4kuma/干しいも,
237,ゆでぐり,https://pachikuri.jp/4kuma/ゆでぐり,
238,おき場所,https://pachikuri.jp/4kuma/おき場所,
239,準 備,https://pachikuri.jp/4kuma/準 備,
240,これ・・・,https://pachikuri.jp/4kuma/これ・・・,
241,加湿器,https://pachikuri.jp/4kuma/加湿器,
242,協 力,https://pachikuri.jp/4kuma/協 力,
243,おせんたく,https://pachikuri.jp/4kuma/おせんたく,
244,イブの夜,https://pachikuri.jp/4kuma/イブの夜,
245,クリスマスケーキ,https://pachikuri.jp/4kuma/クリスマスケーキ,
246,変 化,https://pachikuri.jp/4kuma/変 化,
247,大みそか,https://pachikuri.jp/4kuma/大みそか,
248,新 年,https://pachikuri.jp/4kuma/新 年,
249,待ちに待った,https://pachikuri.jp/4kuma/待ちに待った,
250,工 夫,https://pachikuri.jp/4kuma/工 夫,
251,冷たい,https://pachikuri.jp/4kuma/冷たい,
252,名 案,https://pachikuri.jp/4kuma/名 案,
253,咳,https://pachikuri.jp/4kuma/咳,
254,新 作,https://pachikuri.jp/4kuma/新 作,
255,トレーニング,https://pachikuri.jp/4kuma/トレーニング,
256,先手必勝,https://pachikuri.jp/4kuma/先手必勝,
257,4年に1度,https://pachikuri.jp/4kuma/4年に1度,
258,さむさ対策,https://pachikuri.jp/4kuma/さむさ対策,
259,はやりカゼ,https://pachikuri.jp/4kuma/はやりカゼ,
260,ポカポカ,https://pachikuri.jp/4kuma/ポカポカ,
261,2月22日,https://pachikuri.jp/4kuma/43883,
262,春の気配,https://pachikuri.jp/4kuma/春の気配,
263,ステキな舞台,https://pachikuri.jp/4kuma/ステキな舞台,
264,おせんたく,https://pachikuri.jp/4kuma/おせんたく,
265,被 害,https://pachikuri.jp/4kuma/被 害,
266,自由自在,https://pachikuri.jp/4kuma/自由自在,
267,ピクニック,https://pachikuri.jp/4kuma/ピクニック,
268,おかいもの帰り,https://pachikuri.jp/4kuma/おかいもの帰り,
269,桜の花びら占い,https://pachikuri.jp/4kuma/桜の花びら占い,
270,おやつ,https://pachikuri.jp/4kuma/おやつ,
271,春到来,https://pachikuri.jp/4kuma/春到来,
272,いい箱,https://pachikuri.jp/4kuma/いい箱,
273,Go!!,https://pachikuri.jp/4kuma/Go!!,
274,出来心,https://pachikuri.jp/4kuma/出来心,
275,だんご,https://pachikuri.jp/4kuma/だんご,
276,親切心,https://pachikuri.jp/4kuma/親切心,