番号,題名,URL,TorF
6,7月7日,https://pachikuri.jp/4kuma/44019,404
27,月夜の出会い1,https://pachikuri.jp/4kuma/月夜の出会い1,404
28,月夜の出会い2,https://pachikuri.jp/4kuma/月夜の出会い2,404
47,大そうじ 1,https://pachikuri.jp/4kuma/大そうじ 1,404
48,大そうじ 2,https://pachikuri.jp/4kuma/大そうじ 2,404
57,ふくびき 1,https://pachikuri.jp/4kuma/ふくびき 1,404
58,ふくびき 2,https://pachikuri.jp/4kuma/ふくびき 2,404
63,2／14,https://pachikuri.jp/4kuma/2／14,404
71,春の災難1,https://pachikuri.jp/4kuma/春の災難1,404
72,春の災難2,https://pachikuri.jp/4kuma/春の災難2,404
80,しおひがり1,https://pachikuri.jp/4kuma/しおひがり1,404
81,しおひがり2,https://pachikuri.jp/4kuma/しおひがり2,404
88,快 晴,https://pachikuri.jp/4kuma/快 晴,404
91,新 茶 次回の,https://pachikuri.jp/4kuma/新 茶 次回の,404
93,判 断,https://pachikuri.jp/4kuma/判 断,404
94,梅 雨,https://pachikuri.jp/4kuma/梅 雨,404
95,名 案,https://pachikuri.jp/4kuma/名 案,404
97,発 見,https://pachikuri.jp/4kuma/発 見,404
98,心 配,https://pachikuri.jp/4kuma/心 配,404
101,枝 豆,https://pachikuri.jp/4kuma/枝 豆,404
115,打上花火 次回,https://pachikuri.jp/4kuma/打上花火 次回,404
118,帰 宅,https://pachikuri.jp/4kuma/帰 宅,404
121,月夜の出会い再び1,https://pachikuri.jp/4kuma/月夜の出会い再び1,404
122,月夜の出会い再び2,https://pachikuri.jp/4kuma/月夜の出会い再び2,404
123,考えごと 次回,https://pachikuri.jp/4kuma/考えごと 次回,404
126,横 着,https://pachikuri.jp/4kuma/横 着,404
139,働き者 ○次回,https://pachikuri.jp/4kuma/働き者 ○次回,404
140,初 雪,https://pachikuri.jp/4kuma/初 雪,404
144,通 販,https://pachikuri.jp/4kuma/通 販,404
146,年 末,https://pachikuri.jp/4kuma/年 末,404
183,用 意,https://pachikuri.jp/4kuma/用 意,404
185,任 務,https://pachikuri.jp/4kuma/任 務,404
187,修 理,https://pachikuri.jp/4kuma/修 理,404
198,湿 気,https://pachikuri.jp/4kuma/湿 気,404
202,DYI 1,https://pachikuri.jp/4kuma/DYI 1,404
203,DIY 2,https://pachikuri.jp/4kuma/DIY 2,404
206,砂 浜,https://pachikuri.jp/4kuma/砂 浜,404
209,真 夏,https://pachikuri.jp/4kuma/真 夏,404
214,修 理,https://pachikuri.jp/4kuma/修 理,404
216,工 作,https://pachikuri.jp/4kuma/工 作,404
218,月夜に再び1 つづく,https://pachikuri.jp/4kuma/月夜に再び1 つづく,404
219,月夜に再び2,https://pachikuri.jp/4kuma/月夜に再び2,404
223,正 体,https://pachikuri.jp/4kuma/正 体,404
229,制 作,https://pachikuri.jp/4kuma/制 作,404
232,芋 煮,https://pachikuri.jp/4kuma/芋 煮,404
233,再 会,https://pachikuri.jp/4kuma/再 会,404
239,準 備,https://pachikuri.jp/4kuma/準 備,404
242,協 力,https://pachikuri.jp/4kuma/協 力,404
246,変 化,https://pachikuri.jp/4kuma/変 化,404
248,新 年,https://pachikuri.jp/4kuma/新 年,404
250,工 夫,https://pachikuri.jp/4kuma/工 夫,404
252,名 案,https://pachikuri.jp/4kuma/名 案,404
254,新 作,https://pachikuri.jp/4kuma/新 作,404
257,4年に1度,https://pachikuri.jp/4kuma/4年に1度,404
261,2月22日,https://pachikuri.jp/4kuma/43883,404
265,被 害,https://pachikuri.jp/4kuma/被 害,404
